{
  "controller/EmployeeInfo-dbg.controller.js": 1751638577804,
  "controller/App.controller.js": 1751611064650,
  "controller/OJT_Java.controller.js": 1751610669504,
  "controller/EmployeeList.controller.js": 1751637026220,
  "controller/EmployeeInfo.controller.js": 1751638577804,
  "model/models.js": 1751610669496,
  "manifest.json": 1751733323949,
  "Component.js": 1751610669496,
  "model/models-dbg.js": 1751610669496,
  "model/models.js.map": 1751796635194,
  "controller/OJT_Java-dbg.controller.js": 1751610669504,
  "controller/OJT_Java.controller.js.map": 1751796635193,
  "controller/EmployeeList-dbg.controller.js": 1751637026220,
  "controller/EmployeeList.controller.js.map": 1751796635205,
  "i18n/i18n.properties": 1751610669496,
  "controller/EmployeeInfo.controller.js.map": 1751796635211,
  "controller/App-dbg.controller.js": 1751611064650,
  "controller/App.controller.js.map": 1751796635199,
  "Component-dbg.js": 1751610669496,
  "Component.js.map": 1751796635197,
  "Component-preload.js": 1751796635296,
  "Component-preload.js.map": 1751796635296,
  "view/fragment/Header.fragment.xml": 1751613324957,
  "view/fragment/ConfirmationDialog.fragment.xml": 1751613391377,
  "view/OJT_Java.view.xml": 1751612807878,
  "view/EmployeeList.view.xml": 1751615375344,
  "view/EmployeeInfo.view.xml": 1751615231987,
  "view/App.view.xml": 1751618729606,
  "img/Abeam_Logo.jpg": 1751618872971,
  "css/style.css": 1751610669500,
  "index.html": 1751611550832
}